Workbook

Sheet Sheet1
A1: STUDENTS GRADE SHEET
A3: # | B3: Customer Name | C3: Teachers | D3: Marks (Out Of 100) | I3: Obtained Marks | J3: Percentage | K3: Grade | L3: Average
D4: English | E4: Maths | F4: Physics | G4: Chemistry | H4: Urdu
A5: 1 | B5: Abdul Rehman | C5: Sir Ali | D5: 65 | E5: 68 | F5: 67 | G5: 58 | H5: 49 | I5: =SUM(D5:H5) -> 307 | J5: =I5/500 -> 0.614 | K5: =IF(AND((J5>=0.4),(J5<0.5)),"D",IF(AND((J5>=0.5),(J5<0.6)),"C",IF(AND((J5>=0.6),(J5<0.7)),"B",IF(AND((J5>=0.7),(J5<0.8)),"A",IF(AND((J5>=0.8),(J5<=100)),"A+","Fail"))))) -> B | L5: =AVERAGE(D5:H5) -> 61.4
A6: 2 | B6: Muhammad Yahya | C6: Sir Ahmed | D6: 85 | E6: 98 | F6: 78 | G6: 89 | H6: 98 | I6: =SUM(D6:H6) -> 448 | J6: =I6/500 -> 0.896 | K6: =IF(AND((J6>=0.4),(J6<0.5)),"D",IF(AND((J6>=0.5),(J6<0.6)),"C",IF(AND((J6>=0.6),(J6<0.7)),"B",IF(AND((J6>=0.7),(J6<0.8)),"A",IF(AND((J6>=0.8),(J6<=100)),"A+","Fail"))))) -> A+ | L6: =AVERAGE(D6:H6) -> 89.6
A7: 3 | B7: Abdul Rafay | C7: Sir Hasan | D7: 61 | F7: 72 | G7: 81 | H7: 99 | I7: =SUM(D7:H7) -> 313 | J7: =I7/500 -> 0.626 | K7: =IF(AND((J7>=0.4),(J7<0.5)),"D",IF(AND((J7>=0.5),(J7<0.6)),"C",IF(AND((J7>=0.6),(J7<0.7)),"B",IF(AND((J7>=0.7),(J7<0.8)),"A",IF(AND((J7>=0.8),(J7<=100)),"A+","Fail"))))) -> B | L7: =AVERAGE(D7:H7) -> 78.25
A8: 4 | B8: Abdul Sattar | C8: Sir Hasan | D8: 48 | F8: 50 | G8: 41 | H8: 42 | I8: =SUM(D8:H8) -> 181 | J8: =I8/500 -> 0.362 | K8: =IF(AND((J8>=0.4),(J8<0.5)),"D",IF(AND((J8>=0.5),(J8<0.6)),"C",IF(AND((J8>=0.6),(J8<0.7)),"B",IF(AND((J8>=0.7),(J8<0.8)),"A",IF(AND((J8>=0.8),(J8<=100)),"A+","Fail"))))) -> Fail | L8: =AVERAGE(D8:H8) -> 45.25
A9: 5 | B9: Rayyan | C9: Sir Ali | D9: 79 | E9: 79 | F9: 75 | H9: 77 | I9: =SUM(D9:H9) -> 310 | J9: =I9/500 -> 0.62 | K9: =IF(AND((J9>=0.4),(J9<0.5)),"D",IF(AND((J9>=0.5),(J9<0.6)),"C",IF(AND((J9>=0.6),(J9<0.7)),"B",IF(AND((J9>=0.7),(J9<0.8)),"A",IF(AND((J9>=0.8),(J9<=100)),"A+","Fail"))))) -> B | L9: =AVERAGE(D9:H9) -> 77.5
A10: 6 | B10: Hamza | C10: Sir Ahmed | E10: 56 | F10: 54 | G10: 48 | H10: 48 | I10: =SUM(D10:H10) -> 206 | J10: =I10/500 -> 0.412 | K10: =IF(AND((J10>=0.4),(J10<0.5)),"D",IF(AND((J10>=0.5),(J10<0.6)),"C",IF(AND((J10>=0.6),(J10<0.7)),"B",IF(AND((J10>=0.7),(J10<0.8)),"A",IF(AND((J10>=0.8),(J10<=100)),"A+","Fail"))))) -> D | L10: =AVERAGE(D10:H10) -> 51.5
A11: 7 | B11: Asim | C11: Sir Hasan | D11: 92 | E11: 95 | F11: 94 | G11: 96 | H11: 97 | I11: =SUM(D11:H11) -> 474 | J11: =I11/500 -> 0.948 | K11: =IF(AND((J11>=0.4),(J11<0.5)),"D",IF(AND((J11>=0.5),(J11<0.6)),"C",IF(AND((J11>=0.6),(J11<0.7)),"B",IF(AND((J11>=0.7),(J11<0.8)),"A",IF(AND((J11>=0.8),(J11<=100)),"A+","Fail"))))) -> A+ | L11: =AVERAGE(D11:H11) -> 94.8
A12: 8 | B12: Siddiq | C12: Sir Ahmed | D12: 98 | E12: 78 | F12: 58 | G12: 79 | H12: 42 | I12: =SUM(D12:H12) -> 355 | J12: =I12/500 -> 0.71 | K12: =IF(AND((J12>=0.4),(J12<0.5)),"D",IF(AND((J12>=0.5),(J12<0.6)),"C",IF(AND((J12>=0.6),(J12<0.7)),"B",IF(AND((J12>=0.7),(J12<0.8)),"A",IF(AND((J12>=0.8),(J12<=100)),"A+","Fail"))))) -> A | L12: =AVERAGE(D12:H12) -> 71
A13: 9 | B13: Anas Junaid | C13: Sir Ahmed | D13: 84 | E13: 48 | F13: 81 | G13: 98 | H13: 39 | I13: =SUM(D13:H13) -> 350 | J13: =I13/500 -> 0.7 | K13: =IF(AND((J13>=0.4),(J13<0.5)),"D",IF(AND((J13>=0.5),(J13<0.6)),"C",IF(AND((J13>=0.6),(J13<0.7)),"B",IF(AND((J13>=0.7),(J13<0.8)),"A",IF(AND((J13>=0.8),(J13<=100)),"A+","Fail"))))) -> A | L13: =AVERAGE(D13:H13) -> 70
A14: 10 | B14: Zohaib | C14: Sir Hasan | D14: 45 | E14: 47 | F14: 46 | G14: 47 | H14: 49 | I14: =SUM(D14:H14) -> 234 | J14: =I14/500 -> 0.468 | K14: =IF(AND((J14>=0.4),(J14<0.5)),"D",IF(AND((J14>=0.5),(J14<0.6)),"C",IF(AND((J14>=0.6),(J14<0.7)),"B",IF(AND((J14>=0.7),(J14<0.8)),"A",IF(AND((J14>=0.8),(J14<=100)),"A+","Fail"))))) -> D | L14: =AVERAGE(D14:H14) -> 46.8
A15: 11 | B15: Hammad | C15: Sir Ahmed | D15: 54 | E15: 56 | F15: 58 | H15: 57 | I15: =SUM(D15:H15) -> 225 | J15: =I15/500 -> 0.45 | K15: =IF(AND((J15>=0.4),(J15<0.5)),"D",IF(AND((J15>=0.5),(J15<0.6)),"C",IF(AND((J15>=0.6),(J15<0.7)),"B",IF(AND((J15>=0.7),(J15<0.8)),"A",IF(AND((J15>=0.8),(J15<=100)),"A+","Fail"))))) -> D | L15: =AVERAGE(D15:H15) -> 56.25
A16: 12 | B16: Zarah | C16: Sir Ali | D16: 65 | E16: 68 | F16: 69 | G16: 67 | H16: 69 | I16: =SUM(D16:H16) -> 338 | J16: =I16/500 -> 0.676 | K16: =IF(AND((J16>=0.4),(J16<0.5)),"D",IF(AND((J16>=0.5),(J16<0.6)),"C",IF(AND((J16>=0.6),(J16<0.7)),"B",IF(AND((J16>=0.7),(J16<0.8)),"A",IF(AND((J16>=0.8),(J16<=100)),"A+","Fail"))))) -> B | L16: =AVERAGE(D16:H16) -> 67.6
A17: 13 | B17: Sidra | C17: Sir Ahmed | D17: 100 | E17: 100 | F17: 87 | G17: 98 | H17: 45 | I17: =SUM(D17:H17) -> 430 | J17: =I17/500 -> 0.86 | K17: =IF(AND((J17>=0.4),(J17<0.5)),"D",IF(AND((J17>=0.5),(J17<0.6)),"C",IF(AND((J17>=0.6),(J17<0.7)),"B",IF(AND((J17>=0.7),(J17<0.8)),"A",IF(AND((J17>=0.8),(J17<=100)),"A+","Fail"))))) -> A+ | L17: =AVERAGE(D17:H17) -> 86
A18: Average: | D18: =AVERAGE(D5:D17) -> 73 | E18: =AVERAGE(E5:E17) -> 72.090909 | F18: =AVERAGE(F5:F17) -> 68.384615 | G18: =AVERAGE(G5:G17) -> 72.909091 | H18: =AVERAGE(H5:H17) -> 62.384615 | I18: =AVERAGE(I5:I17) -> 320.84615 | J18: =AVERAGE(J5:J17) -> 0.64169231

Sheet Sheet2
B2: Subject Wise Progress
B3: Teachers | C3: English | D3: Maths | E3: Physics | F3: Chemistry | G3: Urdu | H3: Average
B4: Sir Ali | C4: =AVERAGEIFS(Sheet1!$D$5:$D$17,Sheet1!$C$5:$C$17,Sheet2!B4) -> 69.666667 | D4: =AVERAGEIFS(Sheet1!$E$5:$E$17,Sheet1!$C$5:$C$17,Sheet2!B4) -> 71.666667 | E4: =AVERAGEIFS(Sheet1!$F$5:$F$17,Sheet1!$C$5:$C$17,Sheet2!B4) -> 70.333333 | F4: =AVERAGEIFS(Sheet1!$G$5:$G$17,Sheet1!$C$5:$C$17,Sheet2!B4) -> 62.5 | G4: =AVERAGEIFS(Sheet1!$H$5:$H$17,Sheet1!$C$5:$C$17,Sheet2!B4) -> 65 | H4: =AVERAGE(C4:G4) -> 67.833333
B5: Sir Ahmed | C5: =AVERAGEIFS(Sheet1!$D$5:$D$17,Sheet1!$C$5:$C$17,Sheet2!B5) -> 84.2 | D5: =AVERAGEIFS(Sheet1!$E$5:$E$17,Sheet1!$C$5:$C$17,Sheet2!B5) -> 72.666667 | E5: =AVERAGEIFS(Sheet1!$F$5:$F$17,Sheet1!$C$5:$C$17,Sheet2!B5) -> 69.333333 | F5: =AVERAGEIFS(Sheet1!$G$5:$G$17,Sheet1!$C$5:$C$17,Sheet2!B5) -> 82.4 | G5: =AVERAGEIFS(Sheet1!$H$5:$H$17,Sheet1!$C$5:$C$17,Sheet2!B5) -> 54.833333 | H5: =AVERAGE(C5:G5) -> 72.686667
B6: Sir Hasan | C6: =AVERAGEIFS(Sheet1!$D$5:$D$17,Sheet1!$C$5:$C$17,Sheet2!B6) -> 61.5 | D6: =AVERAGEIFS(Sheet1!$E$5:$E$17,Sheet1!$C$5:$C$17,Sheet2!B6) -> 71 | E6: =AVERAGEIFS(Sheet1!$F$5:$F$17,Sheet1!$C$5:$C$17,Sheet2!B6) -> 65.5 | F6: =AVERAGEIFS(Sheet1!$G$5:$G$17,Sheet1!$C$5:$C$17,Sheet2!B6) -> 66.25 | G6: =AVERAGEIFS(Sheet1!$H$5:$H$17,Sheet1!$C$5:$C$17,Sheet2!B6) -> 71.75 | H6: =AVERAGE(C6:G6) -> 67.2
B8: Subject Wise Passing
B9: Teachers | C9: English | D9: Maths | E9: Physics | F9: Chemistry | G9: Urdu | H9: Average
B10: Sir Ali | C10: =COUNTIFS(Sheet1!$C$5:$C$17,Sheet2!B10,Sheet1!$D$5:$D$17,"<>",Sheet1!$D$5:$D$17,">=40") -> 3 | D10: =COUNTIFS(Sheet1!$C$5:$C$17,Sheet2!B10,Sheet1!$E$5:$E$17,"<>",Sheet1!$E$5:$E$17,">=40") -> 3 | E10: =COUNTIFS(Sheet1!$C$5:$C$17,Sheet2!B10,Sheet1!$F$5:$F$17,"<>",Sheet1!$F$5:$F$17,">=40") -> 3 | F10: =COUNTIFS(Sheet1!$C$5:$C$17,Sheet2!B10,Sheet1!$G$5:$G$17,"<>",Sheet1!$G$5:$G$17,">=40") -> 2 | G10: =COUNTIFS(Sheet1!$C$5:$C$17,Sheet2!B10,Sheet1!$H$5:$H$17,"<>",Sheet1!$H$5:$H$17,">=40") -> 3 | H10: =AVERAGE(C10:G10) -> 2.8
B11: Sir Ahmed | C11: =COUNTIFS(Sheet1!$C$5:$C$17,Sheet2!B11,Sheet1!$D$5:$D$17,"<>",Sheet1!$D$5:$D$17,">=40") -> 5 | D11: =COUNTIFS(Sheet1!$C$5:$C$17,Sheet2!B11,Sheet1!$E$5:$E$17,"<>",Sheet1!$E$5:$E$17,">=40") -> 6 | E11: =COUNTIFS(Sheet1!$C$5:$C$17,Sheet2!B11,Sheet1!$F$5:$F$17,"<>",Sheet1!$F$5:$F$17,">=40") -> 6 | F11: =COUNTIFS(Sheet1!$C$5:$C$17,Sheet2!B11,Sheet1!$G$5:$G$17,"<>",Sheet1!$G$5:$G$17,">=40") -> 5 | G11: =COUNTIFS(Sheet1!$C$5:$C$17,Sheet2!B11,Sheet1!$H$5:$H$17,"<>",Sheet1!$H$5:$H$17,">=40") -> 5 | H11: =AVERAGE(C11:G11) -> 5.4
B12: Sir Hasan | C12: =COUNTIFS(Sheet1!$C$5:$C$17,Sheet2!B12,Sheet1!$D$5:$D$17,"<>",Sheet1!$D$5:$D$17,">=40") -> 4 | D12: =COUNTIFS(Sheet1!$C$5:$C$17,Sheet2!B12,Sheet1!$E$5:$E$17,"<>",Sheet1!$E$5:$E$17,">=40") -> 2 | E12: =COUNTIFS(Sheet1!$C$5:$C$17,Sheet2!B12,Sheet1!$F$5:$F$17,"<>",Sheet1!$F$5:$F$17,">=40") -> 4 | F12: =COUNTIFS(Sheet1!$C$5:$C$17,Sheet2!B12,Sheet1!$G$5:$G$17,"<>",Sheet1!$G$5:$G$17,">=40") -> 4 | G12: =COUNTIFS(Sheet1!$C$5:$C$17,Sheet2!B12,Sheet1!$H$5:$H$17,"<>",Sheet1!$H$5:$H$17,">=40") -> 4 | H12: =AVERAGE(C12:G12) -> 3.6
B14: Subject Wise Fail Remarks
B15: Teachers | C15: English | D15: Maths | E15: Physics | F15: Chemistry | G15: Urdu | H15: Total
B16: Sir Ali | C16: =COUNTIFS(Sheet1!$C$5:$C$17,Sheet2!B16,Sheet1!$D$5:$D$17,"<>",Sheet1!$D$5:$D$17,"<40") -> 0 | D16: =COUNTIFS(Sheet1!$C$5:$C$17,Sheet2!B16,Sheet1!$E$5:$E$17,"<>",Sheet1!$E$5:$E$17,"<40") -> 0 | E16: =COUNTIFS(Sheet1!$C$5:$C$17,Sheet2!B16,Sheet1!$F$5:$F$17,"<>",Sheet1!$F$5:$F$17,"<40") -> 0 | F16: =COUNTIFS(Sheet1!$C$5:$C$17,Sheet2!B16,Sheet1!$G$5:$G$17,"<>",Sheet1!$G$5:$G$17,"<40") -> 0 | G16: =COUNTIFS(Sheet1!$C$5:$C$17,Sheet2!B16,Sheet1!$H$5:$H$17,"<>",Sheet1!$H$5:$H$17,"<40") -> 0 | H16: =SUM(C16:G16) -> 0
B17: Sir Ahmed | C17: =COUNTIFS(Sheet1!$C$5:$C$17,Sheet2!B17,Sheet1!$D$5:$D$17,"<>",Sheet1!$D$5:$D$17,"<40") -> 0 | D17: =COUNTIFS(Sheet1!$C$5:$C$17,Sheet2!B17,Sheet1!$E$5:$E$17,"<>",Sheet1!$E$5:$E$17,"<40") -> 0 | E17: =COUNTIFS(Sheet1!$C$5:$C$17,Sheet2!B17,Sheet1!$F$5:$F$17,"<>",Sheet1!$F$5:$F$17,"<40") -> 0 | F17: =COUNTIFS(Sheet1!$C$5:$C$17,Sheet2!B17,Sheet1!$G$5:$G$17,"<>",Sheet1!$G$5:$G$17,"<40") -> 0 | G17: =COUNTIFS(Sheet1!$C$5:$C$17,Sheet2!B17,Sheet1!$H$5:$H$17,"<>",Sheet1!$H$5:$H$17,"<40") -> 1 | H17: =SUM(C17:G17) -> 1
B18: Sir Hasan | C18: =COUNTIFS(Sheet1!$C$5:$C$17,Sheet2!B18,Sheet1!$D$5:$D$17,"<>",Sheet1!$D$5:$D$17,"<40") -> 0 | D18: =COUNTIFS(Sheet1!$C$5:$C$17,Sheet2!B18,Sheet1!$E$5:$E$17,"<>",Sheet1!$E$5:$E$17,"<40") -> 0 | E18: =COUNTIFS(Sheet1!$C$5:$C$17,Sheet2!B18,Sheet1!$F$5:$F$17,"<>",Sheet1!$F$5:$F$17,"<40") -> 0 | F18: =COUNTIFS(Sheet1!$C$5:$C$17,Sheet2!B18,Sheet1!$G$5:$G$17,"<>",Sheet1!$G$5:$G$17,"<40") -> 0 | G18: =COUNTIFS(Sheet1!$C$5:$C$17,Sheet2!B18,Sheet1!$H$5:$H$17,"<>",Sheet1!$H$5:$H$17,"<40") -> 0 | H18: =SUM(C18:G18) -> 0
